<?xml version="1.0" encoding="UTF-8"?>
<CiscoIPPhoneGraphicMenu>
	<Title>Menu title goes here</Title>
	<Prompt>Prompt text goes here</Prompt>
	<LocationX>Position information of graphic</LocationX>
	<LocationY>Position information of graphic</LocationY>
	<Width>Size information for the graphic</Width>
	<Height>Size information for the graphic</Height>
	<Depth>Number of bits per pixel</Depth>
	<Data>Packed Pixel Data</Data>
	<MenuItem>
		<Name>The name of each menu item</Name>
		<URL>The URL associated with the menu item</URL>
	</MenuItem>
</CiscoIPPhoneGraphicMenu>
