<?xml version="1.0" encoding="UTF-8"?>
<CiscoIPPhoneGraphicFileMenu>
	<Title>Image Title goes here</Title>
	<Prompt>Prompt text goes here</Prompt>
	<LocationX>Horizontal position of graphic</LocationX>
	<LocationY>Vertical position of graphic</LocationY>
	<URL>Points to the PNG background image</URL>
	<MenuItem>
		<Name>Same as CiscoIPPhoneGraphicMenu</Name>
		<URL>Invoked when the TouchArea is touched</URL>
		<TouchArea X1="left edge" Y1="top edge" X2="right edge"Y2="bottom edge"/>
	</MenuItem>
</CiscoIPPhoneGraphicFileMenu>
