{
	"Cisco 7960" : "CLASS02",
	"Cisco 7940" : "CLASS02",
	"Cisco 7941" : "CLASS01",
	"Cisco 7971" : "CLASS01",
	"Cisco 7905" : "CLASS04",
	"Cisco 7911" : "CLASS04",
	"Cisco 7961G-GE" : "CLASS01",
	"Cisco 7941G-GE" : "CLASS01",
	"Cisco 7931" : "CLASS04",
	"Cisco 7921" : "CLASS05",
	"Cisco 7832" : "CLASS13",
	"Cisco 7800" : "CLASS14",
	"Cisco 6800" : "CLASS15",
	"Cisco SPA525" : "CLASS16",
	"Cisco SPA525G" : "CLASS17",
	"Cisco SPA525G2" : "CLASS17",
	"Cisco 7906" : "CLASS04",
	"Cisco 7920" : "CLASS06",
	"Cisco 7970" : "CLASS01",
	"Cisco 7912" : "CLASS04",
	"Cisco IP Communicator" : "CLASS01",
	"Cisco 7961" : "CLASS01",
	"Cisco 7962" : "CLASS01",
	"Cisco 7937" : "CLASS03",
	"Cisco 7942" : "CLASS01",
	"Cisco 7945" : "CLASS01",
	"Cisco 7965" : "CLASS01",
	"Cisco 7975" : "CLASS01",
	"Cisco 8945" : "CLASS11",
	"Cisco 6941" : "CLASS18",
	"Cisco 6961" : "CLASS18",
	"Cisco 9951" : "CLASS10",
	"Cisco 7821" : "CLASS19",
	"Cisco 7925" : "CLASS05",
	"Cisco 8841" : "CLASS07",
	"Cisco 8832" : "CLASS07",
	"Cisco 8811" : "CLASS07",
	"Cisco 9971" : "CLASS10",
	"Cisco 8851NR" : "CLASS07",
	"Cisco 8861" : "CLASS07",
	"SPA8800" : "CLASS12",
	"Cisco 7926" : "CLASS05",
	"Cisco 6945" : "CLASS18",
	"Cisco 7861" : "CLASS19",
	"Cisco 8941" : "CLASS11",
	"Cisco 8831" : "CLASS08",
	"Cisco 8851" : "CLASS07",
	"Cisco 7811" : "CLASS19",
	"Cisco 7841" : "CLASS19",
	"Cisco 6921" : "CLASS18",
	"Cisco 8821" : "CLASS09",
	"Cisco 8961" : "CLASS10",
	"Cisco 8865" : "CLASS07",
	"Cisco 8845" : "CLASS07"
}
